device,attn_impl,batch_size,seq_len,n_embd,n_head,head_dim,avg_step_time_ms,tokens_per_second,memory_mb
mps,naive,8,64,256,4,64,5.649465000024065,90628.05062033645,4.015869140625
mps,sdpa,8,64,256,4,64,6.008339999825694,85214.88464615078,4.015869140625
mps,naive,8,128,256,4,64,5.350735819665715,191375.5480576079,6.250244140625
mps,sdpa,8,128,256,4,64,5.784064999897964,177038.12111690728,6.250244140625
mps,naive,8,256,256,4,64,6.769815000006929,302519.34506303404,11.500244140625
mps,sdpa,8,256,256,4,64,7.3497324995696545,278649.597127503,10.500244140625
mps,naive,8,512,256,4,64,20.140272499993443,203373.6137384106,25.750244140625
mps,sdpa,8,512,256,4,64,17.777735000126995,230400.55439968818,23.000244140625
