device,attn_impl,batch_size,seq_len,n_embd,n_head,head_dim,avg_step_time_ms,tokens_per_second,memory_mb
mps,naive,8,64,256,4,64,5.481537499872502,93404.45085195694,4.015869140625
mps,sdpa,8,64,256,4,64,3.0004583502886817,170640.5956112469,4.015869140625
mps,naive,8,128,256,4,64,4.383854150364641,233584.4133671339,6.250244140625
mps,sdpa,8,128,256,4,64,7.013260399980936,146009.12294697962,6.250244140625
mps,naive,8,256,256,4,64,6.5361812492483296,313332.8042632727,10.500244140625
mps,sdpa,8,256,256,4,64,9.477831250114832,216083.18885981292,10.500244140625
